Price,Close,High,Low,Open,Volume
Ticker,ASTOR.IS,ASTOR.IS,ASTOR.IS,ASTOR.IS,ASTOR.IS
Date,,,,,
2023-01-18,13.237704277038574,13.237704277038574,13.237704277038574,13.237704277038574,19808
2023-01-19,14.556660652160645,14.556660652160645,14.556660652160645,14.556660652160645,190212
2023-01-20,16.010400772094727,16.010400772094727,16.010400772094727,16.010400772094727,51435
2023-01-23,17.60855484008789,17.60855484008789,17.60855484008789,17.60855484008789,346362
2023-01-24,19.351116180419922,19.351116180419922,19.351116180419922,19.351116180419922,10248072
2023-01-25,21.276601791381836,21.276601791381836,21.276601791381836,21.276601791381836,575737
2023-01-26,23.39463233947754,23.39463233947754,23.39463233947754,23.39463233947754,911808
2023-01-27,25.724468231201172,25.724468231201172,25.70521478479241,25.724468231201172,77049827
2023-01-30,28.285362243652344,28.285362243652344,27.919521051630785,28.285362243652344,86229033
2023-01-31,26.16733169555664,29.825751098152836,25.474156178566062,28.189090559637656,293572411
2023-02-01,25.16607666015625,27.380384482273875,24.60768634325932,26.475406438928943,90689993
2023-02-02,23.70271110534668,25.93627246425942,22.682203166031353,25.454901418414956,86899166
2023-02-03,25.647449493408203,26.071056540437656,22.836242429094327,23.914514411637057,82751478
2023-02-06,26.225093841552734,26.475407000823786,23.60643606471559,24.838744742622588,14983162
2023-02-07,23.606435775756836,25.80148649955215,23.606435775756836,25.320115469065847,29850770
2023-02-08,23.606435775756836,23.606435775756836,23.606435775756836,23.606435775756836,0
2023-02-15,25.95552635192871,25.95552635192871,22.701458834645244,23.58718164751347,41536328
2023-02-16,24.164825439453125,27.784735710462975,23.779728992810526,26.86050240223603,54697715
2023-02-17,24.66545295715332,25.262352019875856,23.009535400330606,23.933768754231505,47131119
2023-02-20,27.13007164001465,27.13007164001465,24.318864741477007,24.800235773169856,54639945
2023-02-21,27.823244094848633,29.55618083785785,26.667954769127167,27.361128364560045,67116450
2023-02-22,29.902769088745117,30.384140138373336,26.841248919304082,27.84250158394749,57585796
2023-02-23,32.88726806640625,32.88726806640625,29.45990690494009,29.864258636751835,50003784
2023-02-24,35.04381561279297,36.08357522160792,33.04131018460145,33.77299627281367,104956826
2023-02-27,35.73698806762695,38.10533658011705,34.235112643565316,35.024560923538715,108310500
2023-02-28,37.7972526550293,38.240116805444586,34.77424309463192,35.602201875646664,78130437
2023-03-01,39.95379638671875,40.030817516080766,38.740742979823686,38.87552628363763,52992085
2023-03-02,38.25937271118164,41.68673224043242,37.54694194048285,41.397910344634944,81326659
2023-03-03,38.79850387573242,39.318385464085395,36.60345317722359,38.06682153375264,62599032
2023-03-06,42.668731689453125,42.668731689453125,39.31838945638577,39.64572193348505,52363077
2023-03-07,46.924049377441406,46.924049377441406,44.15135123067404,44.47868367628248,120064894
2023-03-08,44.382408142089844,50.30327336618,44.382408142089844,46.88553973801566,128277181
2023-03-09,47.17436218261719,47.17436218261719,42.938295538007395,44.363157056200755,100600413
2023-03-10,50.2551383972168,51.16974412750789,47.36691209476261,48.13710504090313,107711052
2023-03-13,51.74738693237305,52.51757986382933,49.292395356606946,50.64023206851304,97474699
2023-03-14,50.78464889526367,53.76914811960667,49.38867202997942,51.98807659420357,91607421
2023-03-15,51.6511116027832,52.56571359719865,50.06258577735849,51.07346417873358,69679428
2023-03-16,56.801780700683594,56.801780700683594,51.9880704718121,52.51757786247408,93337293
2023-03-17,62.481964111328125,62.481964111328125,57.95707548130092,58.72726843112967,100525436
2023-03-20,56.27227783203125,63.926078445506064,56.27227783203125,63.05960906565241,140659291
2023-03-21,60.65275573730469,61.711770638293174,52.32503463132935,55.02071560215435,156850467
2023-03-22,58.24589538574219,64.98508989318343,58.24589538574219,61.61549263946281,106719130
2023-03-23,60.02696990966797,61.711768625188704,56.60923610698271,58.96795504322569,106492796
2023-03-24,61.519222259521484,62.6745098527426,59.4493252552892,60.8934384193853,104193340
2023-03-27,58.438446044921875,62.337550804759715,58.438446044921875,62.09686528041701,66775494
2023-03-28,52.613861083984375,58.58285960270299,52.613861083984375,58.39031410666943,78346266
2023-03-29,51.84366226196289,55.11698697491594,47.36691355837184,50.014454417428944,136395580
2023-03-30,51.60297393798828,54.202378284422785,50.35140997046636,51.843659457610556,55073359
2023-03-31,50.880916595458984,51.891798700358706,47.65573215122225,51.02532937403595,57584777
2023-04-03,47.42467498779297,50.54396105756174,47.42467498779297,50.062589999870674,39792835
2023-04-04,51.6511116027832,51.747384337173436,43.80476255518868,47.40541937895231,81802468
2023-04-05,54.87629699707031,56.07972456279554,50.49582139234439,51.69924895806961,70481938
2023-04-06,56.56109619140625,57.668251032691366,54.009828255872456,54.876297581449464,51553907
2023-04-07,54.58747863769531,56.94619755321092,54.05797120912725,55.8390426522843,38095698
2023-04-10,54.635616302490234,57.04247164621227,53.43218863062921,54.25051797846679,34792454
2023-04-11,52.80640411376953,55.55022137494079,52.22876030750703,54.731888364737536,40707661
2023-04-12,51.98807144165039,54.539339379574,51.55483677845607,52.85454076803904,28356103
2023-04-13,51.84366226196289,53.23963908579786,50.35141269409921,52.75826802051475,27295210
2023-04-14,52.276893615722656,53.239635684787785,51.41042795710576,51.988071729517024,26736463
2023-04-17,50.64023208618164,53.047087293178286,50.54395934692961,52.71012903322659,18379924
2023-04-18,50.68837356567383,52.08434668725979,48.185241875877885,50.640233522113185,33645400
2023-04-19,49.677490234375,51.16974340770732,49.484944754975636,50.736508733919536,14441079
2023-04-20,49.821903228759766,50.78464532013677,49.48494496580567,50.64023253740237,8475314
2023-04-24,49.292396545410156,50.736509703932505,48.76288912179923,50.06258949544147,18106376
2023-04-25,47.09733963012695,49.196117606611445,46.88553887509376,49.099844870011765,19725577
2023-04-26,47.17436218261719,49.67749013552414,45.40291659865286,47.21287274744827,48664565
2023-04-27,49.09984588623047,49.1961186248227,46.75075654242605,47.270634472421506,30195687
2023-04-28,47.77125930786133,49.43680260720927,46.692989244352425,49.0998443600407,17069030
2023-05-02,44.43252944946289,48.28607251842219,44.082206677348886,48.28607251842219,21588396
2023-05-03,39.995113372802734,44.413066123907484,39.995113372802734,44.17952008675284,39272318
2023-05-04,43.984893798828125,43.984893798828125,39.04145713366773,39.89780122372448,36180912
2023-05-05,43.323177337646484,47.07941024973582,40.987694618707245,43.98489731760768,68188554
2023-05-08,42.81715393066406,44.685537047625985,41.84403679587624,43.3231752862114,26515821
2023-05-09,40.4427490234375,43.51779898782755,40.28705043203094,42.817153470424394,19250056
2023-05-10,39.761566162109375,41.78564784368183,39.11930901066894,40.46221167718883,28708020
2023-05-11,42.194358825683594,43.18693873138975,39.83941347007159,40.38436039246337,41175025
2023-05-12,41.143394470214844,43.12855447046158,40.695761444320254,42.81715726008729,25589657
2023-05-15,41.785648345947266,44.8412392611348,38.53543697391807,40.189736842103095,38601547
2023-05-16,45.95059585571289,45.95059585571289,42.038664225065446,42.038664225065446,50001377
2023-05-17,50.50477981567383,50.50477981567383,46.70962157763232,46.90424574330189,49127027
2023-05-18,47.48811721801758,50.99134126206032,46.33983865888743,50.60209290867309,54725499
2023-05-22,49.28838348388672,50.407465941670104,47.42972993803612,47.78004898211578,45137926
2023-05-23,49.62897491455078,51.575209224925324,48.55854752870373,50.50478183907827,39673690
2023-05-24,47.64381408691406,50.066877388861705,47.254569459808394,49.920908333605034,26542952
2023-05-25,48.55854797363281,49.823599544538126,47.74112940729982,47.87736521633076,32536257
2023-05-26,49.04510498046875,49.434349606320154,47.68273950962068,48.704511756683104,22926504
2023-05-29,51.67251968383789,52.742950786560705,49.92090953919289,50.60209229326244,37928817
2023-05-30,51.47789764404297,52.69429405612198,50.942680253010394,52.159076665089415,36095064
2023-05-31,51.08864974975586,52.64563568584188,50.40746701066299,51.47789808985101,36615535
2023-06-01,53.716068267822266,55.37036819128739,51.67251999337215,51.67251999337215,60063205
2023-06-02,53.76472091674805,54.93246220397564,52.986227962645394,54.49455875724689,31281192
2023-06-05,54.73783874511719,55.46767659505208,53.95934578094942,54.49455946180556,33291200
2023-06-06,52.54832458496094,54.981117389820234,52.35370041814274,54.83514833666979,23223134
2023-06-07,53.03488540649414,54.39725092014377,52.499671709041564,53.52144398820509,27586079
2023-06-08,52.061767578125,53.27816401686624,51.76983317525657,52.93757449887762,20225489
2023-06-09,50.796714782714844,52.54832486926075,50.35881133304156,52.402355815320576,21280970
2023-06-12,52.40235900878906,53.42413502434419,50.456124635765924,51.08865229185743,44788314
2023-06-13,50.261505126953125,53.37547721347325,50.261505126953125,52.45101883837059,36908050
2023-06-14,51.08864974975586,52.207735943418946,49.48300498704747,50.40746701066299,41137422
2023-06-15,51.623863220214844,52.353701070770605,51.137304653177665,51.672518334489105,19737111
2023-06-16,52.54832458496094,52.54832458496094,50.60209034107349,51.91579697083863,47391975
2023-06-19,52.54832458496094,56.29482401958537,52.54832458496094,55.56498617812758,62271822
2023-06-20,50.35881423950195,52.694296964453784,49.969565881294166,52.49967278534989,24932587
2023-06-21,49.87225341796875,52.01311186809638,49.045105333944285,51.234618898635595,25350432
2023-06-22,51.429237365722656,51.96445474164321,49.28838271062904,49.92090659976228,25273464
2023-06-23,54.39725112915039,55.127089004521025,51.96445821124827,52.06176844310539,36565488
2023-06-26,58.82493209838867,59.74939412763635,54.59187029461687,54.83514958062167,57802939
2023-06-27,64.66362762451172,64.66362762451172,57.80315659843636,58.8735839119771,46961900
2023-07-03,66.7558364868164,69.48056753701088,65.63675025461886,66.02599860811733,84169927
2023-07-04,66.56121063232422,68.8480343155435,64.61497644672582,67.14507940314489,69235926
2023-07-05,68.89669799804688,68.94534940154088,66.36658743892669,67.193742965567,49418039
2023-07-06,75.75716400146484,75.75716400146484,68.99400319302005,70.0644305075826,64149559
2023-07-07,79.45501708984375,82.47167878165907,75.51388964737403,76.8762551475052,105995202
2023-07-10,79.0657730102539,82.08243486486303,77.36281789926382,79.69830067919496,98591524
2023-07-11,77.94668579101562,80.67141690520864,77.26550672461487,79.74695111589905,76532778
2023-07-12,77.70340728759766,80.13620029863262,77.0222282142259,77.94668658870116,61267268
2023-07-13,81.01200103759766,83.73673197014156,77.41147062786668,77.75206013836103,109257649
2023-07-14,79.30905151367188,82.42302357271153,79.30905151367188,81.7418445048888,46356791
2023-07-17,79.7469482421875,81.88781044741953,79.55232778002765,80.2821656495692,41355563
2023-07-18,75.75716400146484,80.42812900502138,75.75716400146484,80.08753950824612,42488615
2023-07-19,79.35770416259766,80.47678291196422,73.22706333248573,75.7085149599821,71882401
2023-07-20,87.28860473632812,87.28860473632812,80.57410239068335,81.2066225940451,94064551
2023-07-21,94.39236450195312,95.99800930050509,88.84559966073151,88.94290989185396,119149174
2023-07-24,103.83159637451172,103.83159637451172,99.2579487639308,99.744507336303,18706899
2023-07-25,97.31171417236328,110.05954724408396,94.92758014485823,109.37836821459526,125915286
2023-07-26,100.23106384277344,103.63697377917836,91.37569949297954,97.603650575836,103781423
2023-07-27,98.57676696777344,104.61009012626836,98.57676696777344,102.17729733263421,55565429
2023-07-28,98.57676696777344,102.76116611824752,96.14397417413929,98.96600787531936,56334146
2023-07-31,108.4052505493164,108.4052505493164,101.88536127667983,102.66385795601674,61122762
2023-08-01,110.0595474243164,117.26061576972262,104.02622410546762,108.40525125039501,107123228
2023-08-02,111.227294921875,116.87137002392554,108.69718435360622,109.76761917447136,67998357
2023-08-03,110.1568603515625,115.60632242703342,109.47568130427604,111.42191563857428,69471113
2023-08-04,108.98912048339844,112.78427884223284,105.19396212456402,110.44879620415823,54131525
2023-08-07,104.41547393798828,111.42191450015807,104.41547393798828,109.96223876434813,34697871
2023-08-08,112.00578308105469,113.17352812189647,101.59343248991006,104.51278395557244,70232748
2023-08-09,113.95201873779297,121.63964583972238,111.4219155891857,112.68697087563673,93933106
2023-08-10,117.35792541503906,121.54233208019274,111.42191235520994,119.20684946299754,66903328
2023-08-11,125.82404327392578,126.11598137195949,116.09287233005817,117.45523032276425,74715936
2023-08-14,136.2364044189453,138.37725923295366,127.47834984915598,129.42458419799806,91652736
2023-08-15,135.6525115966797,141.10197304689135,131.078864405567,135.36058835890125,83056887
2023-08-16,127.7702865600586,135.45790621364404,127.47834844123862,135.26328575062723,52250808
2023-08-17,130.88426208496094,133.99823412395577,124.2670622217282,126.50523472895853,48466814
2023-08-18,126.40791320800781,134.29016814739967,122.90470033940325,132.53855428880266,37142776
2023-08-21,131.27349853515625,132.0519952304462,123.58587893456773,125.43479559336565,41768533
2023-08-22,124.75361633300781,132.34393311365596,124.75361633300781,131.5654364197401,31113467
2023-08-23,117.1633071899414,130.1057609237167,117.1633071899414,124.75361656011243,62457251
2023-08-24,110.93534851074219,122.22350529539746,110.54610018900354,121.5423263005755,48655998
2023-08-25,122.02889251708984,122.02889251708984,108.2106244847006,114.82782409731456,54193925
2023-08-28,131.8573760986328,134.19285135946797,124.75361781142398,126.40791402523134,67592934
2023-08-29,132.53854370117188,136.62563247901468,129.9111305474578,134.9713364080531,48693514
2023-08-31,140.12887573242188,145.7729584191402,132.63587631922564,133.80361398061117,81435035
2023-09-01,137.98800659179688,142.07509540778253,135.55521386221156,140.4207993213822,54010679
2023-09-04,141.00466918945312,147.32993066866484,137.30683589586235,138.96113208224602,59157926
2023-09-05,140.03155517578125,142.561665763581,137.89070036611434,141.0046723482289,44850653
2023-09-06,137.69607543945312,143.24284017295003,137.11219921546854,141.88048211510488,28588090
2023-09-07,139.64231872558594,139.73963638538825,134.38749176524385,138.571883862121,24801210
2023-09-08,140.03155517578125,145.7729554023762,135.74984555644744,139.64231424623804,37561777
2023-09-11,135.26327514648438,143.14552949373643,134.97133705055126,142.07509475817784,26893562
2023-09-12,136.82028198242188,140.03155681010657,134.67941229917895,135.2632885488979,40367256
2023-09-13,132.6358642578125,138.66918733348132,132.6358642578125,138.18262878143403,32151396
2023-09-14,135.6525115966797,135.6525115966797,125.92134104172166,132.63585763379544,30414416
2023-09-15,135.26327514648438,137.20950932125393,131.95468298881147,136.23639223386914,25728822
2023-09-18,127.47835540771484,135.55523127731104,127.47835540771484,134.9713550077632,19822512
2023-09-19,132.73316955566406,134.77672145213563,126.0186673505528,127.47834303414993,33533515
2023-09-20,128.35415649414062,135.55523289388228,128.25685368044915,132.53856354622704,23078884
2023-09-21,136.72296142578125,139.1557543337133,127.08910744980614,127.96490695722586,41629883
2023-09-22,135.6525115966797,142.07509010238712,134.9713326275502,136.82026394214495,54434736
2023-09-25,137.3068389892578,140.51811377987164,135.84716323040075,136.13908650330043,30063074
2023-09-26,132.8304901123047,137.7933934845078,132.4412491942684,137.59875817690045,23625034
2023-09-27,133.60899353027344,136.13908932219334,132.14931774119236,133.02511727520502,25115971
2023-09-28,129.71652221679688,133.12243232455964,128.548784578139,133.12243232455964,20967320
2023-09-29,129.71652221679688,133.41437044637152,129.2299636299736,130.00846033860876,29629175
2023-10-02,129.5218963623047,131.95468919519104,128.93802014297634,130.49501349545923,19438496
2023-10-03,131.8573760986328,135.26328618236133,129.52190083779766,130.98157658796703,29137959
2023-10-04,129.1326446533203,132.14931380022725,128.64608607147014,131.9546933372051,18479770
2023-10-05,129.71652221679688,132.53855608093585,126.79717069585736,130.30038361183097,27889728
2023-10-06,127.47835540771484,129.52190750254184,125.43480331288785,128.64609309822012,14126347
2023-10-09,119.69341278076172,125.92135677463375,119.49879231506378,125.53211584323789,22226029
2023-10-10,125.53211212158203,128.74340168045663,121.3477054144781,121.54233329870075,29546512
2023-10-11,121.63964080810547,125.92135022511519,120.8611441372158,125.6294269660469,17916965
2023-10-12,120.27727508544922,126.40790851431058,116.38480658802825,125.04555047964881,20736318
2023-10-13,116.190185546875,120.47190235730231,115.80093721423717,119.7907159191125,19033654
2023-10-16,111.03266143798828,119.40146714976818,110.74073075779845,117.35792269126178,21920112
2023-10-17,118.72029113769531,122.1262011293505,109.37836807401428,111.22729212577173,29994436
2023-10-18,115.80094146728516,121.83426485972835,113.95201738757041,115.31438288969153,32791985
2023-10-19,113.27083587646484,118.33104200327925,112.39502897105228,115.99555939694393,16904008
2023-10-20,112.00578308105469,112.58965188932822,108.21062469083465,111.90847285039155,23720853
2023-10-23,114.92513275146484,120.95846347416358,111.22729207396682,115.80093966234146,26258462
2023-10-24,116.77405548095703,119.88802732406475,115.60631789586527,117.06599358937723,25093006
2023-10-25,107.04288482666016,117.55255285208642,107.04288482666016,116.57943571729861,18185448
2023-10-26,112.29771423339844,114.1466381985192,106.36170143952165,107.72405943291083,23927716
2023-10-27,123.48857116699219,123.48857116699219,110.9353581068809,112.39503387144512,40688972
2023-10-30,126.89447021484375,130.88425646281127,121.73695378278188,122.02889189702647,42765151
2023-10-31,122.12620544433594,128.45146708089516,121.93158497908281,127.08910897553368,29513566
2023-11-01,117.55255126953125,124.5589915759613,113.7573930100923,123.0993158934305,22685525
2023-11-02,114.34126281738281,119.49878657801236,114.0493247085568,118.72028990400598,16366725
2023-11-03,117.06599426269531,119.4014694463116,113.9520149773827,115.41169067929015,20133255
2023-11-06,119.0122299194336,123.0020087329707,117.9417951194526,118.72029180593066,21090229
2023-11-07,117.45523071289062,120.27727178084446,116.77405171427506,118.91490635931906,12467406
2023-11-08,116.77405548095703,119.40146875956077,116.28749691645305,119.01222784739318,12200854
2023-11-09,117.55255126953125,119.40146786130137,114.82782035908933,115.99555793539618,17514630
2023-11-10,117.26061248779297,119.30415694670477,116.09287491821321,117.74717104583361,15649042
2023-11-13,113.75739288330078,118.23373015321377,112.88158598989956,117.55255113850974,10447738
2023-11-14,112.00578308105469,114.2439555077804,110.64341757888664,113.85470716083314,13936526
2023-11-15,110.74073028564453,114.1466401767319,110.64341263503512,112.68696450912303,20268743
2023-11-16,114.24395751953125,116.19019186424458,110.83804741628293,110.93535764865963,20606852
2023-11-17,113.4654541015625,114.63319909390677,112.49233698675614,113.85470243234393,9538270
2023-11-20,113.36814880371094,115.80094169649443,113.36814880371094,114.24395572997194,10070870
2023-11-21,114.34126281738281,117.26061420846493,113.66008379584812,114.34126281738281,21220505
2023-11-22,112.00578308105469,115.02244477738022,112.00578308105469,114.34126573844354,18570360
2023-11-23,110.93534851074219,115.411685650001,110.93534851074219,112.39502414904142,21864810
2023-11-24,111.8111572265625,112.78427433484538,110.05954346193556,111.22728844645164,15551952
2023-11-27,111.8111572265625,113.9520118950671,111.61652935032932,112.8815845608148,12065700
2023-11-28,110.54610443115234,112.68696657072222,110.25417374686634,112.10309035356121,15202791
2023-11-29,107.04288482666016,111.2272914759656,106.36170580202649,110.93535336581144,17027167
2023-11-30,106.75094604492188,110.05954576724454,106.36170513289115,107.33482226155697,14030732
2023-12-01,107.04288482666016,108.69718098608163,104.51278176107073,107.82138150420823,12067287
2023-12-04,104.41547393798828,107.33482540960814,104.31815628283185,107.33482540960814,10862701
2023-12-05,104.51278686523438,107.62675887891679,104.02622827407806,104.61009709860664,25628306
2023-12-06,98.7713851928711,105.58320486134495,98.38213686981373,104.61008776584869,18199051
2023-12-07,103.53966522216797,104.70740282091602,96.43590712761596,98.77138974940665,27611753
2023-12-08,101.3014907836914,105.97245593293889,101.3014907836914,105.38858714535657,14582872
2023-12-11,99.35526275634766,101.7880557103439,97.6036562840473,101.59343524374216,11904917
2023-12-12,99.25794982910156,101.59343248640995,98.38214290457408,99.25794982910156,15989661
2023-12-13,95.17086029052734,100.52300461838473,94.97623240584664,99.93912838863727,12807102
2023-12-14,95.365478515625,96.72784397927855,93.75983377004384,96.09531636140785,13594855
2023-12-15,93.71118927001953,97.89558877277685,93.41925114048749,95.41414436893467,20686022
2023-12-18,90.40258026123047,93.37058296777266,90.11064216091091,93.32193156724892,9776125
2023-12-19,90.1593017578125,92.83537381124609,87.38591947820383,90.30527080922229,19242163
2023-12-20,90.1593017578125,92.73806358507102,89.04021559606322,90.1593017578125,14499495
2023-12-21,91.95956420898438,93.2732707842539,88.74827487006408,90.15929909292657,15701658
2023-12-22,88.06710052490234,96.43590638274134,87.6778521868947,92.2028483396077,18502742
2023-12-25,84.32060241699219,86.75339528866365,81.01200262666005,86.60742623150445,9074577
2023-12-26,85.43968200683594,88.35903322678304,82.47167196350543,84.85580582341126,15159519
2023-12-27,85.43968200683594,88.21306418092686,83.63940948176663,85.43968200683594,15659080
2023-12-28,91.0837631225586,92.05688026580023,85.19640886052343,85.39102931945392,23169859
2023-12-29,91.76494598388672,92.98134236530466,89.96467339995272,91.08375955571609,14490455
2024-01-02,100.91224670410156,100.91224670410156,92.0568820170053,92.30016130744362,30905923
2024-01-03,103.15042114257812,107.6267586884348,99.64720077731181,102.17730396198776,45493579
2024-01-04,102.56654357910156,104.41546754953025,100.2310610598387,103.34503280265967,15994646
2024-01-05,100.13375091552734,104.2208397593063,99.16063381707575,104.0262193093337,16168583
2024-01-08,99.16064453125,103.24773381663347,99.06333429574946,100.42569244134724,14366000
2024-01-09,97.31171417236328,99.54988656804548,95.90069728658186,99.25794845581055,16338124
2024-01-10,98.28482818603516,100.42568285997362,97.50633152771516,97.60364917822592,15970385
2024-01-11,99.25794982910156,104.02622537437813,97.5063359800466,99.25794982910156,26396729
2024-01-12,98.1875228881836,100.23106743847808,96.92246761098977,98.77139169908277,13294313
2024-01-15,101.00955963134766,101.88535909649273,98.47944918979037,98.47944918979037,24067208
2024-01-16,99.6471939086914,101.98267646598386,99.16063535193442,101.00955935246986,11666540
2024-01-17,99.54988861083984,101.20418481599884,98.96601237438865,99.64719884215012,7735548
2024-01-18,107.43213653564453,109.47568109794726,99.25795086213884,100.42568849079905,61710886
2024-01-19,105.6805191040039,108.79449838256184,104.70740197150977,107.04288457435459,25662174
2024-01-22,107.72406768798828,108.50256439326326,104.7074059475637,105.58321288492434,17997341
2024-01-23,108.01599884033203,112.68696392206412,107.5294402869972,108.89180572119359,22853108
2024-01-24,108.4052505493164,111.90847075774337,106.36170604642521,108.69718123584683,25749618
2024-01-25,109.28105926513672,110.6434173400695,108.79450068857652,109.08643137993583,15512213
2024-01-26,109.96224212646484,111.90847650038457,108.59987657986204,109.2810630653109,16054108
2024-01-29,114.6332015991211,116.57943587126715,110.35148471554083,110.44879494428923,24504726
2024-01-30,113.36814880371094,115.31438311793774,112.58965210830233,115.02244500108583,10196833
2024-01-31,114.73051452636719,115.31438333688487,111.90847328052118,113.36814901896277,15297556
2024-02-01,115.80094146728516,116.67674839181265,114.92513454275768,115.02244477341746,13448011
2024-02-02,120.6665267944336,125.33749209167792,118.23373391551355,118.81760272159543,34646789
2024-02-05,122.2235107421875,124.36437289500867,120.66652481014137,121.05577314922654,25402264
2024-02-06,121.15308380126953,123.09931807920158,120.56921500274883,122.71006973875625,14684853
2024-02-07,124.55899810791016,128.7434049203157,120.7638396494508,121.25039823580983,41485785
2024-02-08,122.80738067626953,126.31060833619298,122.71007044667046,124.94823542462754,17225108
2024-02-09,123.58587646484375,124.46168337346927,122.80737978511117,123.09931789608453,11518783
2024-02-12,123.19662475585938,126.01866586234607,122.41813552171108,125.2401692039034,11105097
2024-02-13,118.13642120361328,123.78049610957014,117.45523475724804,123.58587565306266,14660217
2024-02-14,117.9417953491211,119.59609895503473,115.11976155980571,118.13642323326692,14571691
2024-02-15,118.72029113769531,120.37458730678144,118.33104279664724,118.4283530258356,11390429
2024-02-16,117.84449005126953,119.49879372641973,117.06600075498851,119.10954536613175,11442375
2024-02-19,115.80094146728516,119.59609985737445,114.53588619582384,118.72029293284697,12758882
2024-02-20,121.15308380126953,123.58587664868459,114.63320193991503,116.28749810643943,29974818
2024-02-21,117.7471694946289,122.02888623383791,117.7471694946289,121.63963790767448,17447945
2024-02-22,119.98534393310547,120.8611434021618,117.35792325305316,118.23373014640393,15603960
2024-02-23,121.63964080810547,124.85093029515724,119.98534466283303,120.47190322606545,43088932
2024-02-26,127.47835540771484,131.07888614035207,123.5858865403037,124.364383283504,41326498
2024-02-27,119.69341278076172,132.24661842564961,119.69341278076172,130.00846079723885,35383736
2024-02-28,117.9417953491211,124.65631257840658,117.8444851191955,119.69340918496032,24221238
2024-02-29,118.03911590576172,121.05577765339852,117.16330896630721,118.9149154209214,23049918
2024-03-01,118.23373413085938,119.40147174514999,116.77405840084876,118.42835459180958,14746260
2024-03-04,118.91490936279297,119.20684746916994,115.70362731411853,118.72028890807128,20627744
2024-03-05,111.51922607421875,119.206853193604,111.51922607421875,118.91491507320787,21636630
2024-03-06,108.01599884033203,112.49233604615358,107.334819835381,111.51921893948393,19172099
2024-03-07,112.881591796875,115.80094330886315,108.50256452889278,108.50256452889278,21463397
2024-03-08,109.96224212646484,112.39503509386451,108.50256634602503,111.0326695472617,18639361
2024-03-11,108.11331176757812,112.20040817229196,108.11331176757812,111.81115983503905,10460229
2024-03-12,104.80471801757812,109.2810630149673,103.2477320040186,108.21062817036862,13166471
2024-03-13,103.15042114257812,107.33482798883463,103.15042114257812,105.09665550375884,27063977
2024-03-14,102.37191772460938,108.59986875741211,100.32837326404918,103.44235249259776,26483499
2024-03-15,98.67407989501953,100.03644538159665,96.338597264358,99.25794869661127,32991718
2024-03-18,96.38726043701172,99.06333270389771,96.33860160789581,98.86870481172903,13610437
2024-03-19,94.34370422363281,97.60365259832095,93.51655613536798,96.4359075699224,30676677
2024-03-20,95.26817321777344,97.16574874528922,94.4410251012741,94.5869867385485,18928667
2024-03-21,94.73294830322266,97.31171010588754,94.0031104774285,95.65741400380517,24425315
2024-03-22,93.27327728271484,94.78161183396364,92.7380673051355,94.73295300677704,13433443
2024-03-25,93.51655578613281,95.17085938077915,92.15419030356955,93.02999721552412,17145321
2024-03-26,91.42435455322266,94.78161322231942,91.0351136272069,93.51655793988387,17079270
2024-03-27,91.37570190429688,92.93268786002474,90.64586404152182,91.42435330723842,10911603
2024-03-28,90.45123291015625,93.80849141299072,90.45123291015625,91.61897790325735,16526437
2024-03-29,93.3705825805664,94.58697895302973,90.69451056114711,90.69451056114711,17364379
2024-04-01,93.6138687133789,99.5498893853188,92.68941037229702,93.80849660180839,19547223
2024-04-02,89.575439453125,95.02489418018432,89.38081156240811,93.90580793752069,9739486
2024-04-03,88.94290924072266,91.57032258326771,88.65097112519778,90.06199545117506,6865123
2024-04-04,87.5318832397461,90.15930395630784,87.28860395622897,89.1861868222393,8357082
2024-04-05,90.98645782470703,91.91091619117589,88.06710623674851,88.06710623674851,10603002
2024-04-08,96.63053894042969,97.50633846296397,91.47301491688724,91.95957350687068,19089374
2024-04-15,95.85203552246094,99.64719374374212,95.65741506979806,98.1875180758874,14195435
2024-04-16,93.22462463378906,94.8302619693609,92.6407484125325,94.39236222771305,10663544
2024-04-17,92.25151062011719,95.07354447167457,92.00823132779018,94.00311707029472,10742756
2024-04-18,92.20284271240234,93.51654927674399,91.47300490729098,92.4461219807728,6696794
2024-04-19,92.44612884521484,93.17596670451917,90.11064621058206,92.05688050206027,10693595
2024-04-22,92.54344177246094,95.36548306222241,92.54344177246094,93.12731059206456,13661075
2024-04-24,91.95956420898438,94.97622567701286,91.27838522159844,93.4192398313492,13668284
2024-04-25,91.57032012939453,93.07865464536198,91.22973061993899,91.95956846489851,9211558
2024-04-26,94.19774627685547,94.73295627288725,90.93779777462088,91.71629449067882,15374593
2024-04-29,93.46790313720703,95.56009902348826,92.8840269208272,95.07354045936808,11869366
2024-04-30,91.27838897705078,94.10042269029397,91.1810713254539,93.46790250068084,9661965
2024-05-02,97.60364532470703,100.32836867266269,94.44101483962513,95.36547308862374,39566947
2024-05-03,101.3014907836914,103.44235290388585,96.77649468741313,98.09020873984142,30743711
2024-05-06,105.77783203125,109.37836996792049,100.71762578289031,101.49612247846628,32063249
2024-05-07,107.5294418334961,109.0864277417014,105.09664903183328,107.43213160628846,23484081
2024-05-08,105.58320617675781,108.5998677255206,104.02622028942486,107.72406084380383,18571104
2024-05-09,105.6805191040039,107.33482268382065,104.90202985258531,106.06976744186046,13645803
2024-05-10,101.4961166381836,106.06976404470547,101.10686831279371,106.06976404470547,16130018
2024-05-13,100.52301025390625,103.15042373788917,99.45257538888832,101.78805816592596,14717986
2024-05-14,101.59342956542969,102.66385692050018,98.96600886738996,100.91224312180702,17484462
2024-05-15,98.57676696777344,102.07998710574773,98.57676696777344,101.69073877390738,9581694
2024-05-16,100.13375091552734,101.20417823896523,98.77138549283626,98.86869571782256,11161613
2024-05-17,102.17729949951172,103.34503709550259,100.71762379237583,101.00956190352083,13984719
2024-05-20,101.3014907836914,103.92891146425353,101.00956010204747,102.37191813164141,11971045
2024-05-21,99.7445068359375,102.07998945646715,98.86869992520207,101.69074111566312,16206128
2024-05-22,102.37191772460938,104.9020281678971,102.37191772460938,102.56654560255927,25972967
2024-05-23,106.06977081298828,107.82138467686562,104.31815694911093,107.04288797641019,26499626
2024-05-24,104.41547393798828,106.26439059724508,103.34503912562522,106.16708036638336,15679667
2024-05-27,101.10687255859375,105.19396158608174,100.81493444621834,104.415472326905,12277168
2024-05-28,100.03644561767578,102.07999014021678,99.54988704448533,101.10687299383586,10107107
2024-05-29,97.31171417236328,100.62031393908255,97.1170937137364,100.32837582684762,10340672
2024-05-30,96.53321838378906,98.09021176441038,96.09531863567348,97.60365318903989,13224441
2024-05-31,96.14397430419922,99.06332566050938,94.58698097473159,96.63053286358425,12983629
2024-06-03,95.85203552246094,97.60364929360438,94.92757723587069,97.26305236500276,14586292
2024-06-04,95.365478515625,96.6305337513664,95.17085805980071,95.65741662365593,13796496
2024-06-05,97.26305389404297,98.18751961946082,95.02488895605688,95.41413729179627,18742086
2024-06-06,96.192626953125,99.64719573928028,95.70606838742958,97.26305431279602,13861038
2024-06-07,94.14908599853516,96.82515821037983,94.05177576659977,96.33859962640807,6875861
2024-06-10,92.6407470703125,94.48967108748292,91.86225782707379,94.10042275371634,10138666
2024-06-11,90.59720611572266,92.98134761242007,90.59720611572266,92.44613020467511,9278950
2024-06-12,89.52677154541016,91.91090542663005,88.35903401670942,90.40257840408277,13932133
2024-06-13,89.6727523803711,91.61898680024113,89.28350401153806,90.1106521551238,13224245
2024-06-14,91.47301483154297,92.05688365411937,89.72140093951887,90.20795952904835,13226856
2024-06-20,92.44612884521484,93.95446339082831,91.18107358603615,92.20284955878006,12900808
2024-06-21,100.23106384277344,101.69073952980412,91.76494782771327,92.6407473004961,33570210
2024-06-24,97.89558410644531,103.15041821747764,97.21440506906664,100.23106675849242,29976645
2024-06-25,101.00955963134766,101.69073864297036,96.53321495738903,97.70095995140649,22168432
2024-06-26,93.22462463378906,104.7074023883568,93.22462463378906,103.15041645502663,44546016
2024-06-27,92.44612884521484,95.8033800282969,91.52167052648055,92.88402859107958,18709451
2024-06-28,92.68940734863281,94.19774188150424,91.47301092673474,92.64074852203906,50684104
2024-07-01,88.74828338623047,93.32193856309858,87.43457668489941,92.8353799756208,10499701
2024-07-02,89.13752746582031,89.57543462812414,87.19129320925526,88.65096890167905,6883249
2024-07-03,87.92112731933594,90.01333054109593,87.38591737610052,89.33215154996206,8497453
2024-07-04,88.94290924072266,89.42946781706765,87.77516420291788,87.9211332606803,9814197
2024-07-05,88.65097045898438,89.81871548801354,87.96979142693834,89.0402188019941,7645707
2024-07-08,89.18618774414062,89.57543608665053,88.11576037045934,88.84559822855493,8318934
2024-07-09,89.575439453125,91.47301498577144,89.04022203402221,89.18619109598613,11247725
2024-07-10,88.89424896240234,90.88914206257321,88.35903899173557,90.3052732653483,8933042
2024-07-11,91.52166748046875,93.12730477806396,88.74827776798018,89.1861849235652,20096377
2024-07-12,91.95956420898438,91.95956420898438,90.54854741041602,91.57031589149491,10663641
2024-07-16,90.8891372680664,92.39746429597353,90.74316822038656,91.95956457722822,6773750
2024-07-17,91.1324234008789,92.1055405596191,90.49989576283883,90.88914411119386,7589937
2024-07-18,91.95956420898438,92.93268129056092,91.27838522159844,91.32703662110079,11824761
2024-07-19,93.51655578613281,94.63564198339174,90.59720436248062,91.9595698450439,17682788
2024-07-22,92.39747619628906,94.34371061790058,91.86226618492296,93.8085006065345,11101578
2024-07-23,92.83538055419922,94.05177703047464,91.47301501591177,92.15419407290804,16570739
2024-07-24,93.41924285888672,95.99800469349611,92.30015669394743,92.64074619867824,22569344
2024-07-25,95.21951293945312,96.8738165715602,92.98134791854794,93.41924767229392,16843341
2024-07-26,95.65741729736328,97.0197753463173,94.44102087915823,95.12219990363523,12391897
2024-07-29,96.38726043701172,99.25795317177143,93.41925004402017,95.31682559082135,18838740
2024-07-30,94.39236450195312,99.06332983877797,94.39236450195312,96.48456788041206,16569676
2024-07-31,91.60090637207031,95.103151956439,90.66368953911646,94.65920119865206,13197113
2024-08-01,92.83409118652344,94.11660557341615,92.14351114850915,92.24216436440291,12546105
2024-08-02,90.17041778564453,92.09418186188412,89.57849095655219,91.45292466088493,9163223
2024-08-05,83.85651397705078,86.96413923566955,81.68611309658324,83.01795034263186,18514202
2024-08-06,82.86996459960938,87.358757359458,82.32736063021834,85.82960619245257,12438455
2024-08-07,82.47534942626953,83.36324346557404,81.3408185719781,83.26459024493093,10821189
2024-08-08,82.5739974975586,84.05381829519769,81.98207068385452,82.5739974975586,10322115
2024-08-09,79.17041778564453,83.5112272443524,79.12108741183489,82.86997001861857,10756487
2024-08-12,75.91481018066406,79.56503963249637,75.37221369275223,79.31840281251141,16061469
2024-08-13,74.13902282714844,76.50673758828592,72.70852488572314,75.91480325293324,17455116
2024-08-14,73.0044937133789,76.0627885662905,72.9551633420586,74.43498416057304,14376475
2024-08-15,73.79373931884766,74.04037613805937,71.86996761294125,73.05382886121252,15464259
2024-08-16,72.31391143798828,74.63229580990988,72.11659748557,74.28700580162499,15241261
2024-08-19,75.37220764160156,76.802698071966,71.3766884679166,72.36323566865286,27801762
2024-08-20,75.3228759765625,76.95068033515776,74.18834520985928,75.27355313342791,16384081
2024-08-21,73.7444076538086,76.06279220847634,73.49777083891291,75.02692210196945,8608621
2024-08-22,73.2018051147461,75.17489967338355,73.1031518921659,74.18835239406482,8196865
2024-08-23,71.22870635986328,73.64575156785557,71.22870635986328,73.25113117402438,9959084
2024-08-26,70.14350891113281,72.31391740631952,69.9462024691878,71.62332980599535,11145835
2024-08-27,73.94171142578125,74.97758902165201,71.47534336585848,72.01794734974469,29658846
2024-08-28,73.05382537841797,75.37220986312889,72.1659313662339,73.9910422360379,15463759
2024-08-29,74.48431396484375,74.48431396484375,72.21525238302617,73.15247674367163,14796275
2024-09-02,76.95068359375,76.95068359375,74.58296874705225,74.58296874705225,16807241
2024-09-03,78.23320007324219,80.69956820257822,76.95068563528416,76.95068563528416,22291684
2024-09-04,76.3094253540039,77.59193974049455,75.71749853206896,77.04933576311207,11048219
2024-09-05,77.73992156982422,78.67713838946587,75.47086002249704,76.50673758252852,19290245
2024-09-06,81.19284057617188,82.77131464924977,77.09866803926867,77.93723168495774,31699085
2024-09-09,82.37669372558594,84.34978818607901,80.25561567520427,81.04485647010472,23495195
2024-09-10,79.07176208496094,82.77131420191084,78.72647205939722,82.27804058631753,15007528
2024-09-11,78.77579498291016,79.51570540703284,77.88790096861132,78.87444820077489,17167255
2024-09-12,77.24665069580078,79.76234160244073,75.76682985892153,78.97310833882659,12515196
2024-09-13,78.08521270751953,78.08521270751953,76.26010188534096,77.29597193356012,9202251
2024-09-16,77.14798736572266,79.26906533283015,77.0000113084017,78.08521171371598,8438954
2024-09-17,79.12108612060547,79.91032692812976,76.90135481704631,77.39462844005945,10137511
2024-09-18,80.05831146240234,80.304948276811,78.38117660836852,79.12108705159449,9905742
2024-09-19,80.65023803710938,80.99552807075453,79.91032759640196,80.45293159695736,10359096
2024-09-20,82.32736206054688,82.32736206054688,80.30494478635522,80.74888802229151,13434516
2024-09-23,80.50225067138672,83.11660227806618,80.3542670848279,82.5246754585888,7601167
2024-09-24,79.81167602539062,80.89687652216556,78.7264755286157,80.55158648138604,9137754
2024-09-25,78.92378234863281,81.73544058945117,78.92378234863281,79.76234603073536,12269710
2024-09-26,76.16144561767578,79.86099785027191,76.16144561767578,79.17041777755728,10597947
2024-09-27,77.00001525878906,78.18386893863934,75.66817046050984,76.1614440815738,10007226
2024-09-30,76.90135192871094,78.28251952662416,76.11211867758759,76.95068229986272,8118353
2024-10-01,72.6592025756836,77.24664854779746,71.9192921778187,76.95068137794838,9262562
2024-10-02,70.19284057617188,72.95516844800574,70.19284057617188,72.31391873650969,6792852
2024-10-03,70.19284057617188,72.26458836173688,69.84755053303745,70.24216342418626,8631502
2024-10-04,70.7847671508789,71.17938756717625,69.05830941549162,70.98207359564837,8601875
2024-10-07,70.68611145019531,72.51122234397782,69.847547799188,71.031401479815,10133007
2024-10-08,69.74888610839844,71.17938410709395,69.45292645563104,70.53812690262755,7002342
2024-10-09,68.8116683959961,69.9955220458692,67.38117794183627,69.74888524158247,10175966
2024-10-10,68.02243041992188,70.78476575268103,67.67714038501654,68.9103244573629,9525508
2024-10-11,65.90135955810547,68.31839731897605,65.852029184717,68.02243013216169,7028521
2024-10-14,64.37220764160156,66.44395534770378,64.37220764160156,65.90135887980647,6898054
2024-10-15,66.69058990478516,67.08521029422039,64.27355225047596,64.37220546614529,9584532
2024-10-16,68.66368865966797,68.66368865966797,65.75337721653787,66.09866725655625,8322440
2024-10-17,68.51570129394531,68.9103216865807,67.62781481896315,68.21974164453724,6460074
2024-10-18,66.93722534179688,69.79821369838984,66.64126570082654,68.36772328347223,6528891
2024-10-21,66.69058990478516,67.62781427053855,66.39463025777715,66.98655707855104,5419830
2024-10-22,70.4394760131836,72.51122375806229,66.69059340682536,66.69059340682536,36006468
2024-10-23,71.77130889892578,73.89238688720093,69.79821449620617,70.53812489722603,24550957
2024-10-24,72.56055450439453,73.94171465689905,72.31391768762468,72.31391768762468,11961931
2024-10-25,76.35875701904297,76.90135347886063,72.31391488607242,72.70852775620962,14286201
2024-10-28,78.52915954589844,79.71302076121843,75.47086457814864,75.9641382028424,8731652
2024-10-30,78.13453674316406,80.30494514127071,77.88789993838544,78.57848750782036,13251495
2024-10-31,76.95068359375,80.25561529402741,76.21077317457933,78.87444767289055,15043561
2024-11-01,80.00897979736328,81.53813103271769,76.80270126180442,77.29597488265964,21603586
2024-11-04,80.40360260009766,80.89687623568108,77.78925082615385,79.61436177246084,18256285
2024-11-05,80.1569595336914,81.0448535138777,78.57848552822566,80.74888634489633,10048449
2024-11-06,86.32288360595703,88.14799449684564,80.45293053145521,80.50225337746087,37769460
2024-11-07,87.55606842041016,90.71301660909067,85.43499032797253,86.32288435815086,29327616
2024-11-08,90.26907348632812,91.1569675177748,87.01346454660974,87.60539891874632,20976117
2024-11-11,91.79822540283203,94.1166099546701,90.07176770066948,90.1704209211557,21012693
2024-11-12,90.41705322265625,91.69956007847819,89.33185279795835,91.30494721623013,10848641
2024-11-13,91.3542709350586,91.89687491598019,88.7399193004728,90.07176406696074,13810909
2024-11-14,95.84306335449219,95.94171657054991,91.60090732318888,91.6502376945967,19612479
2024-11-15,93.62333679199219,96.3856646131616,93.32736960230055,95.99105172925046,12907283
2024-11-18,93.3273696899414,95.4484478133679,92.29149957856448,93.91929654312226,11364815
2024-11-19,94.26458740234375,95.10315101193615,91.20628507937724,93.52467700680498,14110351
2024-11-20,94.36324310302734,96.04037036640726,93.32736551127283,94.70853312469286,14128343
2024-11-21,96.43498992919922,97.07624712205954,93.52467866582424,94.70853230898338,14413555
2024-11-22,95.25113677978516,97.22423121311674,94.01795275895293,96.43499042908093,10492575
2024-11-25,97.32288360595703,98.0627940121958,94.56054841196249,97.17490001935771,18172965
2024-11-26,98.5067367553711,100.43050831807987,97.32288312197942,98.16144673952834,13617583
2024-11-27,94.01795196533203,99.54261482667428,94.01795196533203,99.04934122250519,10273907
2024-11-28,90.36772155761719,93.52467709770569,90.36772155761719,93.22870992849941,11318352
2024-11-29,93.42601776123047,94.26458891100155,90.31840007163792,90.36772291607524,13479595
2024-12-02,92.3408203125,93.22871433533098,91.1569666332308,92.73544071450911,7035825
2024-12-03,93.3273696899414,95.79373785049354,91.35427516149969,92.3901527996349,11845250
2024-12-04,92.63678741455078,94.26459186718866,92.58745704180855,93.67265750131442,6602326
2024-12-05,91.255615234375,93.08072603371096,90.71301126822426,92.68610565167022,9299219
2024-12-06,91.65023803710938,92.43947129527857,91.05831121179298,91.79822162512795,6610116
2024-12-09,99.73992156982422,100.62781556545926,92.34081748412868,92.34081748412868,26744072
2024-12-10,99.34530639648438,100.92378803905784,97.17490542808329,99.73992680712774,15019334
2024-12-11,98.5067367553711,100.52916153306954,97.02691595025257,100.43050831807987,9901354
2024-12-12,102.20629119873047,103.39015238703332,98.30943266328383,98.50673909795529,15625820
2024-12-13,105.75785827636719,107.73095270336476,102.40360377187763,104.08073102412241,23550896
2024-12-16,103.58745574951172,108.52019173758372,103.58745574951172,105.75785657356028,12527792
2024-12-17,103.48880767822266,104.86997532887476,101.81167284287433,103.58746089753534,8735540
2024-12-18,101.61436462402344,104.08073269742206,101.31839744451239,103.19283868564695,8294778
2024-12-19,102.20629119873047,103.48880560436906,100.13454352764798,100.62781714108466,8848837
2024-12-20,105.56055450439453,105.56055450439453,99.83857751121009,102.2062923886229,12920408
2024-12-23,105.65921020507812,108.618851989684,104.27804253357705,105.56055698427625,14485781
2024-12-24,105.0672836303711,108.32289261271971,103.09418910210121,105.0672836303711,14317725
2024-12-25,109.90135955810547,110.2959799433592,105.46189715920607,105.95517075908379,12196223
2024-12-26,110.98656463623047,111.18387107376941,107.53364929199219,110.098670613789,13612532
2024-12-27,113.7489013671875,114.34082821408121,110.4932924191347,110.98656604600585,13378289
2024-12-30,114.04486083984375,114.73544843238342,112.7623539281413,113.74890118026235,10333030
2024-12-31,112.36772918701172,114.63678326329953,111.87445557998073,114.04485644021393,9996584
2025-01-02,117.79373931884766,117.79373931884766,111.47983561913783,112.36772962057104,14983081
2025-01-03,118.97759246826172,119.96413968197326,116.41257121796326,117.79373882251102,14141175
2025-01-06,121.24665832519531,122.03589160780497,117.79374295603785,118.97759664333142,12421104
2025-01-07,117.89239501953125,121.34531035483134,117.69508858250306,120.85203673550275,12201718
2025-01-08,117.00450134277344,117.79374214671867,114.83410042206121,117.39912174474605,15900156
2025-01-09,117.79373931884766,119.66818053814936,116.2152652756097,117.30046570991342,13701215
2025-01-10,119.3722152709961,120.161456068615,117.1031536229103,117.8923944205292,11444998
2025-01-13,119.66818237304688,121.44396287638378,118.68163514005147,119.37221519244503,12551987
2025-01-14,118.87894439697266,121.1480060974107,118.38567076876944,119.66818521280108,17425516
2025-01-15,121.14800262451172,121.64127623857446,117.99104697845537,118.97759420658086,14243333
2025-01-16,120.85203552246094,123.3184035943479,120.75338230493706,122.03588918626346,13710297
2025-01-17,121.34530639648438,122.62782077560566,120.06279201736311,120.95068600854262,8775006
2025-01-20,122.82512664794922,123.318400248945,120.9506854588137,121.34530584496189,10488231
2025-01-21,120.3587646484375,123.3184064020876,119.96414424259918,122.72647955670922,12187175
2025-01-22,121.73992919921875,122.13454959498807,119.07624717284432,120.35876157740512,8384286
2025-01-23,122.23320007324219,122.82512689025329,121.14799965426221,121.7399264712733,10455609
2025-01-24,126.27804565429688,127.26459288597107,122.13455029196848,122.13455029196848,13897304
2025-01-27,126.27804565429688,128.84307447805622,125.19284520480687,126.08073921866526,14444937
2025-01-28,125.09419250488281,127.46189984929677,124.79822532345202,126.27804617708979,9611938
2025-01-29,123.31840515136719,125.29149963378906,123.31840515136719,125.09419319625013,8630295
2025-01-30,120.65473175048828,125.48880725667736,120.45741778432742,123.31840631621526,8608113
2025-01-31,116.01795196533203,121.34530847699052,115.3273719196621,120.6547284313206,20216835
2025-02-03,118.78028869628906,120.55606920468344,113.65023855404755,114.93275297129745,15198093
2025-02-04,117.79373931884766,120.0627934038904,116.11660453241649,118.78028653671613,10779602
2025-02-05,117.79373931884766,118.68163332028088,114.83409766524224,117.79373931884766,9474384
2025-02-06,118.38566589355469,120.26010710888755,116.7085386374325,117.69508585321212,10258626
2025-02-07,119.17491149902344,120.55607163559407,117.69509061547642,118.18836424332542,10179458
2025-02-10,117.10315704345703,119.8654923890521,115.22872326618713,118.87894512659075,11396530
2025-02-11,113.94620513916016,119.56952134311679,113.74889870373497,116.51122643347796,13050283
2025-02-12,107.6323013305664,114.83409912314131,107.6323013305664,114.24217229025689,14749701
2025-02-13,105.65921020507812,109.30943958881367,103.88342965036956,108.02692513811448,23797713
2025-02-14,106.44844818115234,107.73095507083003,103.98208009320516,106.54710139931862,14718024
2025-02-17,104.17938995361328,107.33634572600054,104.17938995361328,106.74441134403159,9572671
2025-02-18,111.97311401367188,113.15696771500738,102.60091504336454,104.17938915406464,22996697
2025-02-19,112.36772918701172,115.82064443622868,110.49328797494236,111.67714162111358,36571374
2025-02-20,106.54710388183594,113.84755509760967,106.54710388183594,112.66369387175655,19500869
2025-02-21,106.25113677978516,107.33634478605285,103.78476863237364,106.64575718872265,15712908
2025-02-24,107.04037475585938,108.32288916916737,105.9551743051608,106.84306832000802,7827173
2025-02-25,104.77131652832031,107.13903146958211,103.88343001126066,106.15248420461955,10217362
2025-02-26,102.60091400146484,105.36324931220756,102.30494681575735,104.57400850149301,9578636
2025-02-27,108.42153930664062,109.40808651138393,102.20628890605467,102.5022560781808,16797597
2025-02-28,107.8296127319336,109.80270714586278,106.15247796403906,108.42153955076078,14083984
2025-03-03,110.29598236083984,113.25562402497589,107.9282675241794,107.9282675241794,12377401
2025-03-04,104.08073425292969,106.34979592507122,102.99553378976736,106.05382874113688,21050319
2025-03-05,104.08073425292969,105.5605551190851,103.58746063087789,104.96862827797456,12585070
2025-03-06,109.01346588134766,109.21077231115375,104.57400346989006,104.57400346989006,22904371
2025-03-07,113.45293426513672,114.63678795980876,108.42154477264316,110.00001887445865,17914142
2025-03-10,112.46638488769531,115.22872015879808,112.07176448800091,113.94620574148078,12027841
2025-03-11,110.69059753417969,113.55158604113703,110.69059753417969,112.46638558036234,13115581
2025-03-12,114.24217224121094,114.63678511179243,110.19732257692814,111.8744573839317,14659681
2025-03-13,114.24217224121094,115.62333234176228,111.77580416628633,114.34082545885632,24990093
2025-03-14,116.80718994140625,117.59642318505465,114.63678158616811,115.13005518598254,17832592
2025-03-17,120.2601089477539,122.03588944725547,113.74889872939875,114.43947878030079,23733460
2025-03-18,116.4125747680664,120.45741696228319,115.82064792713973,120.16145730519892,14296685
2025-03-19,104.77131652832031,111.47984094076902,104.77131652832031,108.81616633607344,15604718
2025-03-20,103.7847671508789,109.3094377436244,102.60091346772381,104.6726611766243,19488714
2025-03-21,93.42601776123047,103.29148985963951,93.42601776123047,102.60090982345403,16376047
2025-03-24,96.04037475585938,98.65472651382746,92.24216929042868,93.42602299789128,19881453
2025-03-25,104.27803802490234,104.67265841780589,97.17490105967025,97.86548110218298,17854287
2025-03-26,109.50674438476562,111.28253243954617,101.91033359580497,103.29149371979187,19094621
2025-03-27,107.73095703125,113.05831370351142,107.73095703125,110.49329235072132,14286930
2025-03-28,112.07176208496094,112.95965608354564,104.96862514979922,107.53364640267662,16295879
2025-04-02,108.71749877929688,113.45292836524501,108.61884556433084,111.08521357227094,12579946
2025-04-03,106.7444076538086,110.78925733255791,106.05382760106303,108.52019568480868,8574657
2025-04-04,104.17938995361328,107.43499894740927,104.17938995361328,106.34979845839672,7911390
2025-04-07,105.16593170166016,107.43499330876227,100.03588919007008,100.62781601421386,13946417
2025-04-08,104.57400512695312,107.33634034855696,104.37669869402055,107.04037317240014,7828205
2025-04-09,101.21974182128906,104.67265704198343,101.02243539080968,103.58745662083106,12045289
2025-04-10,103.58745574951172,107.23767736998188,103.58745574951172,106.34979091353516,14012098
2025-04-11,104.08073425292969,104.67266109404022,102.30494620283996,104.47535465592276,10201256
2025-04-14,102.89688110351562,105.2645884802179,102.50226069847919,104.57400841647276,7933477
2025-04-15,101.51570892333984,103.68610976413888,100.43050850294033,102.79821577408188,8371251
2025-04-16,97.56951904296875,102.20628784649011,97.22422903023975,100.92378100967419,11065395
2025-04-17,98.95069122314453,101.21974536001703,97.56952358122842,97.56952358122842,11495487
2025-04-18,98.16145324707031,99.44396770723286,97.12557560411146,99.04934729435529,12428608
2025-04-21,95.49777221679688,98.65472025422908,95.20180504533106,98.16144665295793,11035042
2025-04-22,95.15248107910156,96.2870119437407,94.11661096276366,95.89239153081077,8471001
2025-04-24,100.23320007324219,100.82512692366963,94.26459366852458,94.85652051895202,20610991
2025-04-25,100.035888671875,102.20628952474533,99.04934146115978,100.62781549295255,10524923
2025-04-28,99.64127349853516,102.30494809620852,98.5560730152889,100.52916754001237,14104467
2025-04-29,99.93724060058594,101.41706149283495,99.14799978068316,99.64127341143282,7656557
2025-04-30,99.14799499511719,100.43050938386665,96.97759413528047,99.83857503413125,8259386
2025-05-02,95.59642791748047,98.65472281953444,95.59642791748047,98.01346561585585,11510392
2025-05-05,92.7847671508789,96.82960916466314,92.73543678018632,96.04036839412863,8911657
2025-05-06,93.72198486328125,95.15247530575449,92.5381312230798,92.73543765419409,9198717
2025-05-07,91.10763549804688,94.65920403289272,90.81167584408526,93.22871355518308,11824572
2025-05-08,91.65023803710938,92.29149523401793,90.31840079845801,91.2556176446458,5257384
2025-05-09,96.68162536621094,98.16144616263254,92.19283260636232,92.24216297694615,15859385
2025-05-12,105.46189880371094,106.25113205976739,98.85202794622487,98.85202794622487,17838418
2025-05-13,104.8699722290039,106.44844627162297,103.19283744323032,105.36324583774474,10526758
2025-05-14,104.08073425292969,106.64575558224742,101.31839895873635,104.27804069104715,15184580
2025-05-15,99.34530639648438,104.86997709197493,99.34530639648438,104.47535668133156,8468482
2025-05-16,100.62781524658203,102.60090966318167,98.75337404546079,99.3453008650891,11068740
2025-05-20,96.53364562988281,101.02243856869353,96.53364562988281,100.72647138690628,10524306
2025-05-21,93.57400512695312,97.12557372045544,93.57400512695312,96.87893690803503,9446887
2025-05-22,94.51123046875,95.54710057514752,93.32736924132075,94.11661005960691,10086451
2025-05-23,92.83409118652344,95.05382241454383,92.6367847547359,95.00449956997589,8291231
2025-05-26,93.37669372558594,94.46189413721544,92.48879974270442,93.91929016802179,6489734
2025-05-27,90.95964813232422,94.11660366418893,90.51570490642904,93.2287096856408,6469159
2025-05-28,92.4394760131836,92.98208002135905,91.15696908066812,91.20629192801968,9137068
2025-05-29,92.73544311523438,93.77132075648022,91.74889584805103,93.22871674882605,5666893
2025-05-30,92.29149627685547,93.91929318317915,90.95965149639714,92.29149627685547,8283189
2025-06-02,91.15696716308594,92.43947406862253,90.36772635448021,92.29149800292237,5552368
2025-06-03,94.16593170166016,95.89238938365739,91.60091036518732,91.60091036518732,11193709
2025-06-04,94.60987854003906,94.9551685567119,93.13005773136302,93.82063776470869,7455002
2025-06-05,94.21526336669922,94.65920662316883,93.475352921411,94.60988377620458,2424680
2025-06-10,94.46189880371094,95.2511396112076,93.86997196146751,94.31391521146054,7783799
2025-06-11,96.0896987915039,97.42153600623762,93.91929043531026,94.5112247767544,11559374
2025-06-12,92.83409118652344,94.85651598275629,92.48880116751629,94.70853239553668,7376390
2025-06-13,91.15696716308594,91.20629000939994,86.4215373649679,87.6053985778765,10065521
2025-06-16,90.12108612060547,91.40360050420128,89.03588569504787,91.15696370172192,9059213
2025-06-17,88.98655700683594,91.4529250782755,88.98655700683594,90.12108782504974,8588701
2025-06-18,85.33633422851562,88.93723307414562,84.99104420808709,88.88790270261671,10241087
2025-06-19,82.77131652832031,86.56952196979142,82.67266330778047,85.78028115195612,11226942
2025-06-20,83.70853424072266,86.12557956500255,83.11660738487639,83.9058482105103,10479345
2025-06-23,80.74888610839844,83.51122125494149,80.60090252434118,83.21525408682697,10168190
2025-06-24,87.30943298339844,87.65472302091896,83.85651755467646,84.8430648200256,12935408
2025-06-25,87.90135955810547,89.28252723055971,86.17490184922724,87.30943270612744,10353221
2025-06-26,86.27355194091797,88.59194394444341,86.02691513430956,88.14799317649347,5340593
2025-06-27,86.47086334228516,87.26009658401196,84.10314856358916,86.22422654297844,6899428
2025-06-30,91.6995620727539,91.94619888040172,86.07624586908697,86.5695194843826,14028319
2025-07-01,91.50225830078125,93.37669959881737,90.61436426205275,91.74889511560815,11093688
2025-07-02,91.84754943847656,93.96862757679527,91.20629220687904,92.04486340876107,12369070
2025-07-03,94.36324310302734,96.0897007381129,93.13005907796624,93.22871229461953,19921039
2025-07-04,92.93274688720703,95.10315532869079,92.73544045014401,94.75786530045146,10393550
2025-07-07,90.7130126953125,91.79822064468635,89.57848942838908,91.25561666999943,8591275
2025-07-08,89.97310638427734,92.34082129476005,89.57849350482873,91.45292726248427,13122909
2025-07-09,93.08072662353516,94.01795097766554,90.12108502961189,90.12108502961189,10982056
2025-07-10,93.13005828857422,95.00449949613049,92.83409111436505,93.82063832605174,10185229
2025-07-11,92.29149627685547,94.41256679764281,91.7982226623918,93.91929318317915,8464331
2025-07-14,91.05831146240234,92.88342231496671,90.95965071894646,92.29149548802124,5803926
2025-07-16,89.92378234863281,93.82064093234493,88.29597789877857,91.00898280628294,15482467
2025-07-17,92.14351654052734,92.48880657974004,90.31840559603882,90.51571203937225,8021787
2025-07-18,91.74889373779297,92.29149773296704,91.05831367735155,92.14351414094156,5958645
2025-07-21,95.94171905517578,97.0762498861156,92.19283653383327,92.19283653383327,16992890
2025-07-22,96.58297729492188,98.85203145420925,96.48432407525863,98.16145138980836,16810500
2025-07-23,96.33634185791016,97.96414634924975,95.79373785187752,96.6816318950408,8977612
2025-07-24,99.14799499511719,100.43050938386665,96.68162696041277,96.68162696041277,17813121
2025-07-25,101.21974182128906,102.10763581196204,98.06279377307165,99.64126779718035,15528863
2025-07-28,102.30494689941406,103.78476777564526,101.61436683454278,102.10764045995317,11718342
2025-07-29,101.71302032470703,102.9955347648873,100.52916663127773,102.50226113816538,8969291
2025-07-30,102.99552917480469,103.39014956011584,100.9237815603684,101.7130148042329,8892915
2025-07-31,103.19284057617188,105.16593507103848,102.50226051367183,103.88342816543009,10294984
2025-08-01,103.09418487548828,103.98207888215987,101.81167047398954,103.19283809250557,7582923
2025-08-04,103.09418487548828,105.16593253988333,102.60091126364384,104.08073209917715,10415211
2025-08-05,102.50225830078125,104.0807323572457,101.51571107464622,103.09418513111066,8064773
2025-08-06,103.68611145019531,103.9820786272797,100.92378374669224,102.79821744570012,8665616
2025-08-07,102.6995620727539,104.96862364474082,102.30494168717907,104.08072965888691,7578908
2025-08-08,105.26458740234375,105.36324814766125,102.0089860293353,102.60091286744974,10805558
2025-08-11,106.25113677978516,107.53365122714246,105.26458952082055,105.95517711815073,14164878
2025-08-12,106.645751953125,108.32288672708363,106.34979230602023,107.92826633751936,12224114
2025-08-13,111.18386840820312,113.74889719526304,109.5067411490559,109.5067411490559,19866091
2025-08-14,113.25562286376953,113.4529292953191,109.30943401871495,110.00001405589634,18349966
2025-08-15,110.88790893554688,113.65023663305568,110.09866814953982,112.56503619736445,9167783
2025-08-18,111.0,113.5999984741211,110.0,112.5,8322860
2025-08-19,116.5999984741211,117.5,109.5999984741211,111.0999984741211,19038046
2025-08-20,116.0999984741211,117.69999694824219,113.80000305175781,116.0,15518705
2025-08-21,117.80000305175781,119.0999984741211,116.69999694824219,117.5999984741211,12072744
2025-08-22,115.4000015258789,118.4000015258789,115.30000305175781,117.80000305175781,10144021
2025-08-25,115.9000015258789,117.5,115.80000305175781,116.5999984741211,8315660
2025-08-26,116.30000305175781,117.30000305175781,114.5999984741211,115.4000015258789,11013456
2025-08-27,112.4000015258789,116.80000305175781,111.9000015258789,116.30000305175781,7801424
2025-08-28,113.69999694824219,115.0999984741211,112.4000015258789,112.4000015258789,6981245
2025-08-29,118.0999984741211,118.30000305175781,115.80000305175781,115.9000015258789,16230586
2025-09-01,118.69999694824219,120.19999694824219,117.5,118.0999984741211,10781545
2025-09-02,112.0,119.0,109.19999694824219,118.69999694824219,14728457
2025-09-03,112.0999984741211,113.0,109.30000305175781,112.0,8901562
2025-09-04,117.9000015258789,118.5,111.30000305175781,112.30000305175781,15037903
2025-09-05,113.0,118.0,112.5,118.0,12088740
2025-09-08,110.69999694824219,111.5999984741211,108.5999984741211,110.0,8055811
2025-09-09,113.5999984741211,116.5999984741211,110.5,110.69999694824219,15712673
2025-09-10,115.0,115.19999694824219,112.0999984741211,114.4000015258789,6988041
2025-09-11,111.19999694824219,115.80000305175781,111.19999694824219,114.5999984741211,9492928
2025-09-12,116.5,118.19999694824219,110.69999694824219,111.19999694824219,16520079
2025-09-15,119.4000015258789,121.5999984741211,115.19999694824219,115.5,27353438
2025-09-16,118.5999984741211,121.0999984741211,116.5,120.19999694824219,26866800
2025-09-17,112.0,114.5,110.30000305175781,112.0,40646602
2025-09-18,110.0,113.69999694824219,109.5999984741211,112.69999694824219,134693227
2025-09-19,109.80000305175781,110.9000015258789,109.0,110.5999984741211,20227435
2025-09-22,107.5,111.0999984741211,107.30000305175781,111.0,24906431
2025-09-23,105.0,108.0999984741211,104.9000015258789,106.19999694824219,20722752
2025-09-24,105.19999694824219,107.9000015258789,103.69999694824219,105.5999984741211,22126344
2025-09-25,104.9000015258789,106.5999984741211,103.80000305175781,106.0,13035947
2025-09-26,102.0,106.0999984741211,101.4000015258789,105.4000015258789,14518937
2025-09-29,96.6500015258789,101.9000015258789,96.6500015258789,101.69999694824219,23196232
2025-09-30,97.5999984741211,98.4000015258789,96.0999984741211,96.8499984741211,26531089
2025-10-01,99.55000305175781,100.4000015258789,96.30000305175781,97.5999984741211,20520676
2025-10-02,96.4000015258789,99.94999694824219,96.0999984741211,99.6500015258789,14690695
2025-10-03,93.30000305175781,97.0,92.80000305175781,96.69999694824219,17269295
2025-10-06,92.05000305175781,94.05000305175781,91.8499984741211,93.55000305175781,12998932
2025-10-07,93.75,94.44999694824219,92.30000305175781,92.30000305175781,13471105
2025-10-08,91.94999694824219,94.19999694824219,91.8499984741211,93.75,11031807
2025-10-09,91.05000305175781,93.5999984741211,90.94999694824219,92.8499984741211,13165293
2025-10-10,91.8499984741211,92.69999694824219,90.94999694824219,91.3499984741211,12092951
2025-10-13,89.6500015258789,90.69999694824219,89.0,90.55000305175781,16468944
2025-10-14,88.5,91.30000305175781,88.19999694824219,89.9000015258789,16736627
2025-10-15,92.75,92.94999694824219,88.5999984741211,88.5999984741211,17076927
2025-10-16,92.94999694824219,93.75,91.75,92.69999694824219,11327624
2025-10-17,95.25,96.5,91.55000305175781,92.69999694824219,23934472
2025-10-20,97.5999984741211,97.75,95.0999984741211,96.9000015258789,20799516
2025-10-21,95.75,97.69999694824219,95.30000305175781,97.5999984741211,14629858
2025-10-22,94.19999694824219,97.0,94.1500015258789,96.0999984741211,14308511
2025-10-23,93.55000305175781,95.1500015258789,93.5,94.3499984741211,11096622
2025-10-24,96.19999694824219,98.30000305175781,94.05000305175781,94.05000305175781,23161715
2025-10-27,95.4000015258789,96.9000015258789,95.19999694824219,96.30000305175781,9539137
2025-10-28,95.4000015258789,96.1500015258789,95.0999984741211,95.4000015258789,5028866
2025-10-30,95.8499984741211,96.8499984741211,95.44999694824219,95.5,11067203
2025-10-31,98.19999694824219,98.9000015258789,96.69999694824219,97.5999984741211,18744779
2025-11-03,100.19999694824219,101.19999694824219,98.6500015258789,98.69999694824219,17875234
2025-11-04,99.19999694824219,100.5999984741211,98.6500015258789,100.19999694824219,12760005
2025-11-05,100.0,101.5999984741211,98.75,99.6500015258789,17992323
2025-11-06,101.80000305175781,102.5,100.4000015258789,100.5,12678128
2025-11-07,97.0999984741211,102.0,96.0999984741211,101.9000015258789,16121938
2025-11-10,92.94999694824219,98.25,92.9000015258789,97.4000015258789,17149979
2025-11-11,92.3499984741211,95.30000305175781,90.0,93.94999694824219,32258097
2025-11-12,91.94999694824219,93.4000015258789,91.5,92.8499984741211,9817475
2025-11-13,93.5,93.5,90.80000305175781,92.4000015258789,14916108
2025-11-14,90.30000305175781,92.9000015258789,89.75,92.80000305175781,12749439
2025-11-17,92.30000305175781,93.19999694824219,90.1500015258789,90.69999694824219,18720592
2025-11-18,93.19999694824219,93.19999694824219,91.0,92.0,14181952
2025-11-19,93.69999694824219,94.25,92.9000015258789,93.30000305175781,13421575
2025-11-20,94.0,95.5999984741211,93.4000015258789,94.1500015258789,11842278
2025-11-21,93.0999984741211,93.69999694824219,92.0,93.69999694824219,11308472
2025-11-24,91.80000305175781,93.05000305175781,91.80000305175781,92.5999984741211,16097041
2025-11-25,92.30000305175781,94.94999694824219,90.5999984741211,92.0,24179680
2025-11-26,92.9000015258789,94.6500015258789,91.8499984741211,92.5,16417099
2025-11-27,91.75,93.94999694824219,91.5999984741211,93.19999694824219,13171069
2025-11-28,90.5999984741211,92.0999984741211,90.5999984741211,91.75,11706992
2025-12-01,95.0999984741211,96.05000305175781,90.5999984741211,90.5999984741211,31792348
2025-12-02,97.94999694824219,99.0,95.4000015258789,95.9000015258789,43444227
2025-12-03,98.5,99.30000305175781,96.80000305175781,98.05000305175781,32652218
2025-12-04,98.0999984741211,99.4000015258789,97.44999694824219,98.5,27911486
2025-12-05,99.3499984741211,100.30000305175781,98.05000305175781,98.5,30033387
2025-12-08,104.30000305175781,104.5,99.19999694824219,100.0,38954291
2025-12-09,102.0,104.4000015258789,101.9000015258789,104.30000305175781,21316940
2025-12-10,100.5,103.0,100.19999694824219,102.30000305175781,17271159
2025-12-11,103.0,106.5,101.0,101.0999984741211,30354680
2025-12-12,104.30000305175781,104.5999984741211,102.5,103.5,26101712
2025-12-15,111.5,114.69999694824219,104.9000015258789,105.19999694824219,80501554
2025-12-16,111.0,112.80000305175781,108.69999694824219,111.5999984741211,22919389
2025-12-17,107.9000015258789,113.4000015258789,107.19999694824219,110.80000305175781,30930928
2025-12-18,110.9000015258789,111.4000015258789,107.69999694824219,108.69999694824219,31143055
2025-12-19,111.0,111.5999984741211,108.9000015258789,111.4000015258789,22746728
2025-12-22,112.0999984741211,113.69999694824219,110.69999694824219,112.0,29388326
2025-12-23,112.9000015258789,114.0999984741211,111.4000015258789,112.0999984741211,28473212
2025-12-24,114.0,116.69999694824219,112.9000015258789,113.5,37511259
2025-12-25,114.9000015258789,117.30000305175781,114.0,115.0,14727638
2025-12-26,118.0999984741211,119.5999984741211,114.0,115.5999984741211,52095553
2025-12-29,115.0999984741211,118.5999984741211,114.69999694824219,118.5,22203334
2025-12-30,117.0,117.4000015258789,114.9000015258789,115.30000305175781,22242847
2025-12-31,116.9000015258789,118.0,116.4000015258789,117.0,17942304
2026-01-02,117.19999694824219,119.0999984741211,116.80000305175781,117.4000015258789,21161519
2026-01-05,117.0999984741211,119.30000305175781,115.80000305175781,117.0,27621813
2026-01-06,118.4000015258789,118.80000305175781,116.5,117.4000015258789,24376891
2026-01-07,116.4000015258789,119.69999694824219,116.19999694824219,119.19999694824219,23166866
2026-01-08,124.19999694824219,125.5999984741211,115.0999984741211,116.0999984741211,49071121
2026-01-09,128.8000030517578,129.8000030517578,123.5999984741211,124.5999984741211,45380986
2026-01-12,135.6999969482422,136.60000610351562,130.6999969482422,131.3000030517578,44296751
2026-01-13,141.10000610351562,142.3000030517578,133.1999969482422,134.0,44662053
2026-01-14,145.89999389648438,147.5,141.8000030517578,141.8000030517578,44812578
2026-01-15,150.89999389648438,151.5,145.1999969482422,146.3000030517578,40152419
2026-01-16,154.6999969482422,157.6999969482422,150.6999969482422,151.5,37467752
2026-01-19,159.5,161.8000030517578,155.6999969482422,155.6999969482422,31442739
2026-01-20,153.0,163.8000030517578,153.0,161.0,45021061
2026-01-21,146.6999969482422,154.0,138.60000610351562,151.0,91309999
2026-01-22,154.0,155.39999389648438,145.60000610351562,148.5,43338321
2026-01-23,162.0,162.3000030517578,153.1999969482422,158.6999969482422,56770872
2026-01-26,162.89999389648438,168.5,162.3000030517578,163.0,41602028
2026-01-27,161.10000610351562,166.0,158.6999969482422,163.8000030517578,47622731
2026-01-28,160.5,164.5,159.5,161.8000030517578,29412418
2026-01-29,163.10000610351562,165.10000610351562,161.39999389648438,162.0,34002799
2026-01-30,159.8000030517578,164.10000610351562,158.8000030517578,163.89999389648438,31691858
2026-02-02,154.60000610351562,160.6999969482422,153.10000610351562,158.0,27481377
2026-02-03,155.0,158.0,154.0,155.39999389648438,21428126
2026-02-04,160.3000030517578,161.8000030517578,155.39999389648438,160.8000030517578,35955309
2026-02-05,154.89999389648438,160.1999969482422,153.39999389648438,160.0,26482133
2026-02-06,152.0,156.39999389648438,149.0,155.0,29291592
2026-02-09,160.89999389648438,161.3000030517578,152.89999389648438,153.60000610351562,31890282
2026-02-10,165.0,166.10000610351562,161.8000030517578,162.0,36366625
2026-02-11,173.0,173.0,163.1999969482422,164.1999969482422,38905699
2026-02-12,180.8000030517578,183.39999389648438,172.1999969482422,174.0,57686298
2026-02-13,181.89999389648438,189.10000610351562,178.39999389648438,182.0,49758817
2026-02-16,177.10000610351562,185.89999389648438,174.39999389648438,183.60000610351562,44739049
2026-02-17,175.8000030517578,177.6999969482422,173.6999969482422,177.10000610351562,21591567
2026-02-18,186.8000030517578,192.1999969482422,176.60000610351562,180.0,77427343
2026-02-19,185.0,190.8000030517578,180.0,190.0,35271524
2026-02-20,184.5,185.39999389648438,181.60000610351562,185.0,23230193
2026-02-23,192.39999389648438,194.1999969482422,186.3000030517578,187.1999969482422,41385979
2026-02-24,194.3000030517578,195.5,189.5,192.5,35591327
2026-02-25,191.0,197.39999389648438,189.10000610351562,194.3000030517578,34808499
2026-02-26,185.0,190.89999389648438,179.89999389648438,190.5,35783763
2026-02-27,188.0,192.0,183.8000030517578,185.8000030517578,47514623
2026-03-02,180.6999969482422,186.1999969482422,176.5,178.3000030517578,25140293
2026-03-03,175.5,183.0,174.3000030517578,178.0,27737980
2026-03-04,167.0,180.39999389648438,167.0,175.6999969482422,33185595
2026-03-05,173.5,173.5,169.0,169.0,22905663
2026-03-06,176.6999969482422,177.10000610351562,172.39999389648438,173.1999969482422,18319103
2026-03-09,180.89999389648438,180.89999389648438,169.8000030517578,173.10000610351562,27923287
2026-03-10,195.10000610351562,195.6999969482422,182.6999969482422,185.0,33878681
2026-03-11,193.0,196.1999969482422,189.3000030517578,194.89999389648438,17923018
2026-03-12,199.5,204.89999389648438,191.6999969482422,192.3000030517578,43598729
2026-03-13,194.89999389648438,200.5,194.89999389648438,199.3000030517578,19795790
2026-03-16,186.0,196.89999389648438,183.6999969482422,196.0,17895195
2026-03-17,182.6999969482422,187.8000030517578,181.60000610351562,187.0,17206392
2026-03-18,185.1999969482422,188.6999969482422,184.0,184.0,23915224
2026-03-19,187.3000030517578,189.3000030517578,183.3000030517578,183.39999389648438,9465247
2026-03-23,193.1999969482422,194.6999969482422,183.10000610351562,184.60000610351562,35596635
2026-03-24,191.8000030517578,197.39999389648438,188.3000030517578,192.5,20532209
2026-03-25,209.1999969482422,210.89999389648438,196.0,196.0,89029804
2026-03-26,203.1999969482422,213.8000030517578,199.60000610351562,209.1999969482422,37422646
2026-03-27,205.89999389648438,207.3000030517578,196.5,204.0,38791146
2026-03-30,195.1999969482422,206.5,195.1999969482422,206.5,21346978
2026-03-31,195.0,198.1999969482422,191.39999389648438,196.0,24328954
2026-04-01,197.3000030517578,201.6999969482422,197.1999969482422,198.39999389648438,25210719
2026-04-02,207.8000030517578,211.10000610351562,194.89999389648438,195.3000030517578,40707129
2026-04-03,206.5,211.8000030517578,205.8000030517578,208.3000030517578,17602643
2026-04-06,210.1999969482422,213.39999389648438,207.10000610351562,207.10000610351562,19312458
2026-04-07,204.6999969482422,211.39999389648438,203.0,210.3000030517578,17550214
2026-04-08,207.3000030517578,215.6999969482422,207.3000030517578,215.5,27186884
2026-04-09,206.1999969482422,213.3000030517578,202.5,207.60000610351562,28195815
2026-04-10,206.5,212.1999969482422,206.10000610351562,209.0,21281578
2026-04-13,199.1999969482422,207.89999389648438,198.0,203.5,23298537
2026-04-14,203.6999969482422,207.3000030517578,200.1999969482422,201.0,38452564
2026-04-15,195.0,199.8000030517578,194.3000030517578,194.3000030517578,36529063
2026-04-16,192.0,201.8000030517578,190.0,196.0,125887411
2026-04-17,196.6999969482422,197.60000610351562,189.39999389648438,193.0,49970072
2026-04-20,205.6999969482422,206.8000030517578,194.60000610351562,194.60000610351562,57297058
2026-04-21,214.5,219.3000030517578,206.60000610351562,206.6999969482422,51646249
2026-04-22,207.89999389648438,216.5,205.6999969482422,216.39999389648438,33248748
2026-04-24,221.5,225.0,209.0,209.0,45222360
2026-04-27,243.60000610351562,243.60000610351562,223.8000030517578,223.89999389648438,44314330
2026-04-28,254.75,260.25,241.8000030517578,249.6999969482422,77305776
2026-04-29,264.0,264.0,252.0,256.0,39985801
2026-04-30,284.0,284.0,260.0,264.0,46605925
2026-05-04,290.25,303.75,281.0,286.25,51731390
2026-05-05,295.75,300.75,288.0,292.0,36797763
2026-05-06,317.75,319.5,297.0,299.0,40066694
2026-05-07,320.75,323.0,305.25,320.5,41080042
2026-05-08,326.0,334.0,315.0,320.0,36130968
2026-05-11,339.5,345.0,331.75,332.0,26404161
2026-05-12,333.25,340.0,322.0,333.0,31112892
2026-05-13,335.0,336.5,310.0,333.25,50140510
2026-05-14,335.0,347.5,330.25,340.0,30026655
2026-05-15,322.0,337.0,322.0,334.0,18710815
2026-05-18,313.0,323.25,308.25,318.0,22174971
2026-05-20,344.25,344.25,313.25,317.0,31138907
2026-05-21,313.75,361.0,313.75,354.0,41797130
2026-05-22,345.0,345.0,313.25,313.5,31581726
2026-05-25,341.75,354.75,340.5,348.0,23996659
2026-05-26,312.75,343.5,312.75,342.5,23636306
2026-05-27,312.75,312.75,312.75,312.75,0
2026-05-28,312.75,312.75,312.75,312.75,0
2026-05-29,312.75,312.75,312.75,312.75,0
2026-06-01,330.5,335.75,311.5,315.75,36159993
2026-06-02,363.5,363.5,331.75,334.0,33709701
2026-06-03,358.5,385.75,355.0,367.0,44583016
2026-06-04,322.75,367.75,322.75,365.0,51621268
2026-06-05,317.0,328.5,304.0,322.75,55064104
2026-06-08,308.0,320.0,304.75,315.0,28197468
2026-06-09,299.0,318.75,291.0,317.25,40554749
2026-06-10,285.0,299.75,272.5,298.0,46881218
2026-06-11,295.0,296.75,278.0,286.0,52018065
2026-06-12,265.5,300.75,265.5,300.75,41034438
2026-06-15,287.0,292.0,262.5,270.0,78040101
2026-06-16,296.0,306.5,287.0,287.0,45373176
2026-06-17,284.0,297.5,280.75,297.25,25676438
2026-06-18,300.0,300.0,281.0,286.25,28338751
2026-06-19,294.75,303.5,291.25,299.5,21507017
2026-06-22,311.5,314.25,297.0,297.0,33644326
2026-06-23,296.0,310.0,287.25,310.0,28561704
2026-06-24,298.0,304.75,292.5,298.25,22640320
2026-06-25,298.75,307.75,297.25,301.75,25058631
2026-06-26,289.75,301.75,287.75,298.25,17362620
2026-06-29,278.0,290.5,277.0,289.5,16913838
2026-06-30,276.5,281.75,271.25,278.0,20251381
2026-07-01,277.0,283.75,271.0,278.0,27615694
2026-07-02,301.75,302.5,276.75,278.75,47164335
2026-07-03,317.0,317.75,302.25,303.75,18006526
